{
  "0.0": {
    "programs": {
      "sort": {
        "fixed": 64,
        "total": 249,
        "percentage": 25.702811244979916
      },
      "shuffle_dyck2": {
        "fixed": 5,
        "total": 288,
        "percentage": 1.7361111111111112
      },
      "reverse": {
        "fixed": 90,
        "total": 268,
        "percentage": 33.582089552238806
      },
      "most_freq": {
        "fixed": 0,
        "total": 284,
        "percentage": 0.0
      },
      "shuffle_dyck": {
        "fixed": 6,
        "total": 331,
        "percentage": 1.812688821752266
      },
      "hist": {
        "fixed": 18,
        "total": 46,
        "percentage": 39.130434782608695
      }
    },
    "loss_functions": {
      "cross_entropy_loss": {
        "fixed": 183,
        "total": 1466,
        "percentage": 12.482946793997272
      }
    },
    "program_loss_functions": {
      "sort": {
        "cross_entropy_loss": {
          "fixed": 64,
          "total": 249,
          "percentage": 25.702811244979916
        }
      },
      "shuffle_dyck2": {
        "cross_entropy_loss": {
          "fixed": 5,
          "total": 288,
          "percentage": 1.7361111111111112
        }
      },
      "reverse": {
        "cross_entropy_loss": {
          "fixed": 90,
          "total": 268,
          "percentage": 33.582089552238806
        }
      },
      "most_freq": {
        "cross_entropy_loss": {
          "fixed": 0,
          "total": 284,
          "percentage": 0.0
        }
      },
      "shuffle_dyck": {
        "cross_entropy_loss": {
          "fixed": 6,
          "total": 331,
          "percentage": 1.812688821752266
        }
      },
      "hist": {
        "cross_entropy_loss": {
          "fixed": 18,
          "total": 46,
          "percentage": 39.130434782608695
        }
      }
    },
    "mutation_orders": {
      "2": {
        "fixed": 73,
        "total": 481,
        "percentage": 15.176715176715177
      },
      "5": {
        "fixed": 10,
        "total": 134,
        "percentage": 7.462686567164178
      },
      "3": {
        "fixed": 37,
        "total": 311,
        "percentage": 11.89710610932476
      },
      "1": {
        "fixed": 27,
        "total": 322,
        "percentage": 8.385093167701864
      },
      "4": {
        "fixed": 36,
        "total": 218,
        "percentage": 16.51376146788991
      }
    }
  },
  "0.0025": {
    "programs": {
      "sort": {
        "fixed": 131,
        "total": 249,
        "percentage": 52.610441767068274
      },
      "shuffle_dyck2": {
        "fixed": 52,
        "total": 288,
        "percentage": 18.055555555555554
      },
      "reverse": {
        "fixed": 134,
        "total": 268,
        "percentage": 50.0
      },
      "most_freq": {
        "fixed": 0,
        "total": 284,
        "percentage": 0.0
      },
      "shuffle_dyck": {
        "fixed": 6,
        "total": 331,
        "percentage": 1.812688821752266
      },
      "hist": {
        "fixed": 19,
        "total": 46,
        "percentage": 41.30434782608695
      }
    },
    "loss_functions": {
      "cross_entropy_loss": {
        "fixed": 342,
        "total": 1466,
        "percentage": 23.328785811732605
      }
    },
    "program_loss_functions": {
      "sort": {
        "cross_entropy_loss": {
          "fixed": 131,
          "total": 249,
          "percentage": 52.610441767068274
        }
      },
      "shuffle_dyck2": {
        "cross_entropy_loss": {
          "fixed": 52,
          "total": 288,
          "percentage": 18.055555555555554
        }
      },
      "reverse": {
        "cross_entropy_loss": {
          "fixed": 134,
          "total": 268,
          "percentage": 50.0
        }
      },
      "most_freq": {
        "cross_entropy_loss": {
          "fixed": 0,
          "total": 284,
          "percentage": 0.0
        }
      },
      "shuffle_dyck": {
        "cross_entropy_loss": {
          "fixed": 6,
          "total": 331,
          "percentage": 1.812688821752266
        }
      },
      "hist": {
        "cross_entropy_loss": {
          "fixed": 19,
          "total": 46,
          "percentage": 41.30434782608695
        }
      }
    },
    "mutation_orders": {
      "2": {
        "fixed": 135,
        "total": 481,
        "percentage": 28.06652806652807
      },
      "5": {
        "fixed": 24,
        "total": 134,
        "percentage": 17.91044776119403
      },
      "3": {
        "fixed": 65,
        "total": 311,
        "percentage": 20.90032154340836
      },
      "1": {
        "fixed": 53,
        "total": 322,
        "percentage": 16.459627329192546
      },
      "4": {
        "fixed": 65,
        "total": 218,
        "percentage": 29.81651376146789
      }
    }
  },
  "0.005": {
    "programs": {
      "sort": {
        "fixed": 148,
        "total": 249,
        "percentage": 59.43775100401606
      },
      "shuffle_dyck2": {
        "fixed": 77,
        "total": 288,
        "percentage": 26.73611111111111
      },
      "reverse": {
        "fixed": 136,
        "total": 268,
        "percentage": 50.74626865671642
      },
      "most_freq": {
        "fixed": 0,
        "total": 284,
        "percentage": 0.0
      },
      "shuffle_dyck": {
        "fixed": 14,
        "total": 331,
        "percentage": 4.229607250755287
      },
      "hist": {
        "fixed": 20,
        "total": 46,
        "percentage": 43.47826086956522
      }
    },
    "loss_functions": {
      "cross_entropy_loss": {
        "fixed": 395,
        "total": 1466,
        "percentage": 26.944065484311054
      }
    },
    "program_loss_functions": {
      "sort": {
        "cross_entropy_loss": {
          "fixed": 148,
          "total": 249,
          "percentage": 59.43775100401606
        }
      },
      "shuffle_dyck2": {
        "cross_entropy_loss": {
          "fixed": 77,
          "total": 288,
          "percentage": 26.73611111111111
        }
      },
      "reverse": {
        "cross_entropy_loss": {
          "fixed": 136,
          "total": 268,
          "percentage": 50.74626865671642
        }
      },
      "most_freq": {
        "cross_entropy_loss": {
          "fixed": 0,
          "total": 284,
          "percentage": 0.0
        }
      },
      "shuffle_dyck": {
        "cross_entropy_loss": {
          "fixed": 14,
          "total": 331,
          "percentage": 4.229607250755287
        }
      },
      "hist": {
        "cross_entropy_loss": {
          "fixed": 20,
          "total": 46,
          "percentage": 43.47826086956522
        }
      }
    },
    "mutation_orders": {
      "2": {
        "fixed": 153,
        "total": 481,
        "percentage": 31.80873180873181
      },
      "5": {
        "fixed": 28,
        "total": 134,
        "percentage": 20.8955223880597
      },
      "3": {
        "fixed": 79,
        "total": 311,
        "percentage": 25.401929260450164
      },
      "1": {
        "fixed": 62,
        "total": 322,
        "percentage": 19.25465838509317
      },
      "4": {
        "fixed": 73,
        "total": 218,
        "percentage": 33.48623853211009
      }
    }
  },
  "0.0075": {
    "programs": {
      "sort": {
        "fixed": 159,
        "total": 249,
        "percentage": 63.85542168674698
      },
      "shuffle_dyck2": {
        "fixed": 267,
        "total": 288,
        "percentage": 92.70833333333334
      },
      "reverse": {
        "fixed": 136,
        "total": 268,
        "percentage": 50.74626865671642
      },
      "most_freq": {
        "fixed": 0,
        "total": 284,
        "percentage": 0.0
      },
      "shuffle_dyck": {
        "fixed": 14,
        "total": 331,
        "percentage": 4.229607250755287
      },
      "hist": {
        "fixed": 20,
        "total": 46,
        "percentage": 43.47826086956522
      }
    },
    "loss_functions": {
      "cross_entropy_loss": {
        "fixed": 596,
        "total": 1466,