{
  "0.0": {
    "programs": {
      "sort": {
        "fixed": 61,
        "total": 249,
        "percentage": 24.497991967871485
      },
      "shuffle_dyck2": {
        "fixed": 5,
        "total": 288,
        "percentage": 1.7361111111111112
      },
      "reverse": {
        "fixed": 90,
        "total": 268,
        "percentage": 33.582089552238806
      },
      "most_freq": {
        "fixed": 0,
        "total": 284,
        "percentage": 0.0
      },
      "shuffle_dyck": {
        "fixed": 6,
        "total": 331,
        "percentage": 1.812688821752266
      },
      "hist": {
        "fixed": 18,
        "total": 46,
        "percentage": 39.130434782608695
      }
    },
    "loss_functions": {
      "cross_entropy_loss": {
        "fixed": 180,
        "total": 1466,
        "percentage": 12.278308321964529
      }
    },
    "program_loss_functions": {
      "sort": {
        "cross_entropy_loss": {
          "fixed": 61,
          "total": 249,
          "percentage": 24.497991967871485
        }
      },
      "shuffle_dyck2": {
        "cross_entropy_loss": {
          "fixed": 5,
          "total": 288,
          "percentage": 1.7361111111111112
        }
      },
      "reverse": {
        "cross_entropy_loss": {
          "fixed": 90,
          "total": 268,
          "percentage": 33.582089552238806
        }
      },
      "most_freq": {
        "cross_entropy_loss": {
          "fixed": 0,
          "total": 284,
          "percentage": 0.0
        }
      },
      "shuffle_dyck": {
        "cross_entropy_loss": {
          "fixed": 6,
          "total": 331,
          "percentage": 1.812688821752266
        }
      },
      "hist": {
        "cross_entropy_loss": {
          "fixed": 18,
          "total": 46,
          "percentage": 39.130434782608695
        }
      }
    },
    "mutation_orders": {
      "2": {
        "fixed": 79,
        "total": 481,
        "percentage": 16.424116424116423
      },
      "5": {
        "fixed": 7,
        "total": 134,
        "percentage": 5.223880597014925
      },
      "3": {
        "fixed": 32,
        "total": 311,
        "percentage": 10.289389067524116
      },
      "1": {
        "fixed": 25,
        "total": 322,
        "percentage": 7.763975155279502
      },
      "4": {
        "fixed": 37,
        "total": 218,
        "percentage": 16.972477064220186
      }
    }
  },
  "0.001": {
    "programs": {
      "sort": {
        "fixed": 106,
        "total": 249,
        "percentage": 42.570281124497996
      },
      "shuffle_dyck2": {
        "fixed": 25,
        "total": 288,
        "percentage": 8.680555555555555
      },
      "reverse": {
        "fixed": 125,
        "total": 268,
        "percentage": 46.64179104477612
      },
      "most_freq": {
        "fixed": 0,
        "total": 284,
        "percentage": 0.0
      },
      "shuffle_dyck": {
        "fixed": 6,
        "total": 331,
        "percentage": 1.812688821752266
      },
      "hist": {
        "fixed": 19,
        "total": 46,
        "percentage": 41.30434782608695
      }
    },
    "loss_functions": {
      "cross_entropy_loss": {
        "fixed": 281,
        "total": 1466,
        "percentage": 19.167803547066846
      }
    },
    "program_loss_functions": {
      "sort": {
        "cross_entropy_loss": {
          "fixed": 106,
          "total": 249,
          "percentage": 42.570281124497996
        }
      },
      "shuffle_dyck2": {
        "cross_entropy_loss": {
          "fixed": 25,
          "total": 288,
          "percentage": 8.680555555555555
        }
      },
      "reverse": {
        "cross_entropy_loss": {
          "fixed": 125,
          "total": 268,
          "percentage": 46.64179104477612
        }
      },
      "most_freq": {
        "cross_entropy_loss": {
          "fixed": 0,
          "total": 284,
          "percentage": 0.0
        }
      },
      "shuffle_dyck": {
        "cross_entropy_loss": {
          "fixed": 6,
          "total": 331,
          "percentage": 1.812688821752266
        }
      },
      "hist": {
        "cross_entropy_loss": {
          "fixed": 19,
          "total": 46,
          "percentage": 41.30434782608695
        }
      }
    },
    "mutation_orders": {
      "2": {
        "fixed": 123,
        "total": 481,
        "percentage": 25.571725571725572
      },
      "5": {
        "fixed": 16,
        "total": 134,
        "percentage": 11.940298507462686
      },
      "3": {
        "fixed": 49,
        "total": 311,
        "percentage": 15.755627009646304
      },
      "1": {
        "fixed": 41,
        "total": 322,
        "percentage": 12.732919254658384
      },
      "4": {
        "fixed": 52,
        "total": 218,
        "percentage": 23.853211009174313
      }
    }
  },
  "0.01": {
    "programs": {
      "sort": {
        "fixed": 161,
        "total": 249,
        "percentage": 64.65863453815261
      },
      "shuffle_dyck2": {
        "fixed": 287,
        "total": 288,
        "percentage": 99.65277777777779
      },
      "reverse": {
        "fixed": 137,
        "total": 268,
        "percentage": 51.11940298507462
      },
      "most_freq": {
        "fixed": 0,
        "total": 284,
        "percentage": 0.0
      },
      "shuffle_dyck": {
        "fixed": 26,
        "total": 331,
        "percentage": 7.854984894259818
      },
      "hist": {
        "fixed": 20,
        "total": 46,
        "percentage": 43.47826086956522
      }
    },
    "loss_functions": {
      "cross_entropy_loss": {
        "fixed": 631,
        "total": 1466,
        "percentage": 43.04229195088677
      }
    },
    "program_loss_functions": {
      "sort": {
        "cross_entropy_loss": {
          "fixed": 161,
          "total": 249,
          "percentage": 64.65863453815261
        }
      },
      "shuffle_dyck2": {
        "cross_entropy_loss": {
          "fixed": 287,
          "total": 288,
          "percentage": 99.65277777777779
        }
      },
      "reverse": {
        "cross_entropy_loss": {
          "fixed": 137,
          "total": 268,
          "percentage": 51.11940298507462
        }
      },
      "most_freq": {
        "cross_entropy_loss": {
          "fixed": 0,
          "total": 284,
          "percentage": 0.0
        }
      },
      "shuffle_dyck": {
        "cross_entropy_loss": {
          "fixed": 26,
          "total": 331,
          "percentage": 7.854984894259818
        }
      },
      "hist": {
        "cross_entropy_loss": {
          "fixed": 20,
          "total": 46,
          "percentage": 43.47826086956522
        }
      }
    },
    "mutation_orders": {
      "2": {
        "fixed": 224,
        "total": 481,
        "percentage": 46.56964656964657
      },
      "5": {
        "fixed": 44,
        "total": 134,
        "percentage": 32.83582089552239
      },
      "3": {
        "fixed": 116,
        "total": 311,
        "percentage": 37.29903536977492
      },
      "1": {
        "fixed": 146,
        "total": 322,
        "percentage": 45.3416149068323
      },
      "4": {
        "fixed": 101,
        "total": 218,
        "percentage": 46.330275229357795
      }
    }
  }
}